molde,n_por_pantalon,grupo,permite_90,par_espejo,gradua,vertice,x_cm,y_cm
posterior,2,G,0,1,1,1,0.0,24.5
posterior,2,G,0,1,1,2,0.03,25.36
posterior,2,G,0,1,1,3,12.17,25.92
posterior,2,G,0,1,1,4,15.03,26.45
posterior,2,G,0,1,1,5,23.38,26.95
posterior,2,G,0,1,1,6,30.23,27.95
posterior,2,G,0,1,1,7,46.94,29.4
posterior,2,G,0,1,1,8,56.08,30.73
posterior,2,G,0,1,1,9,75.15,34.89
posterior,2,G,0,1,1,10,81.67,37.42
posterior,2,G,0,1,1,11,86.63,38.5
posterior,2,G,0,1,1,12,88.53,38.42
posterior,2,G,0,1,1,13,89.29,32.98
posterior,2,G,0,1,1,14,90.56,31.2
posterior,2,G,0,1,1,15,91.67,30.5
posterior,2,G,0,1,1,16,97.7,29.37
posterior,2,G,0,1,1,17,106.5,26.4
posterior,2,G,0,1,1,18,106.46,25.32
posterior,2,G,0,1,1,19,99.7,9.83
posterior,2,G,0,1,1,20,97.6,3.43
posterior,2,G,0,1,1,21,96.92,0.0
posterior,2,G,0,1,1,22,90.51,0.92
posterior,2,G,0,1,1,23,60.24,2.01
posterior,2,G,0,1,1,24,52.27,1.49
posterior,2,G,0,1,1,25,38.65,1.86
posterior,2,G,0,1,1,26,26.7,1.51
posterior,2,G,0,1,1,27,23.84,0.98
posterior,2,G,0,1,1,28,18.35,1.0
posterior,2,G,0,1,1,29,10.37,0.05
posterior,2,G,0,1,1,30,9.2,4.86
posterior,2,G,0,1,1,31,7.09,9.92
posterior,2,G,0,1,1,32,3.9,16.33
posterior,2,G,0,1,1,33,1.8,21.61
delantero,2,G,0,1,1,1,1.75,2.47
delantero,2,G,0,1,1,2,1.16,7.3
delantero,2,G,0,1,1,3,0.0,11.66
delantero,2,G,0,1,1,4,7.73,12.59
delantero,2,G,0,1,1,5,9.08,13.14
delantero,2,G,0,1,1,6,8.93,15.04
delantero,2,G,0,1,1,7,5.9,25.18
delantero,2,G,0,1,1,8,5.46,25.56
delantero,2,G,0,1,1,9,2.88,25.32
delantero,2,G,0,1,1,10,0.58,31.49
delantero,2,G,0,1,1,11,9.76,31.7
delantero,2,G,0,1,1,12,35.24,30.87
delantero,2,G,0,1,1,13,37.82,31.11
delantero,2,G,0,1,1,14,38.45,30.74
delantero,2,G,0,1,1,15,50.43,31.0
delantero,2,G,0,1,1,16,60.07,30.61
delantero,2,G,0,1,1,17,83.82,31.32
delantero,2,G,0,1,1,18,101.43,31.25
delantero,2,G,0,1,1,19,108.6,31.7
delantero,2,G,0,1,1,20,108.7,30.43
delantero,2,G,0,1,1,21,106.88,25.8
delantero,2,G,0,1,1,22,103.83,11.7
delantero,2,G,0,1,1,23,96.43,11.65
delantero,2,G,0,1,1,24,82.91,10.61
delantero,2,G,0,1,1,25,66.77,7.42
delantero,2,G,0,1,1,26,62.6,7.03
delantero,2,G,0,1,1,27,60.85,6.44
delantero,2,G,0,1,1,28,52.33,5.44
delantero,2,G,0,1,1,29,42.47,3.68
delantero,2,G,0,1,1,30,27.96,0.0
delantero,2,G,0,1,1,31,25.37,2.31
delantero,2,G,0,1,1,32,23.14,2.74
canesu,2,P,1,1,1,1,0.0,0.87
canesu,2,P,1,1,1,2,0.41,0.18
canesu,2,P,1,1,1,3,0.81,0.0
canesu,2,P,1,1,1,4,28.64,2.98
canesu,2,P,1,1,1,5,29.29,3.62
canesu,2,P,1,1,1,6,29.5,4.18
canesu,2,P,1,1,1,7,29.41,7.31
canesu,2,P,1,1,1,8,28.89,10.09
canesu,2,P,1,1,1,9,1.81,10.4
canesu,2,P,1,1,1,10,0.8,10.22
canesu,2,P,1,1,1,11,0.0,3.62
bolsillo_post,2,P,1,0,1,1,18.63,2.91
bolsillo_post,2,P,1,0,1,2,18.95,3.82
bolsillo_post,2,P,1,0,1,3,19.67,10.44
bolsillo_post,2,P,1,0,1,4,20.17,17.08
bolsillo_post,2,P,1,0,1,5,20.15,19.15
bolsillo_post,2,P,1,0,1,6,19.63,19.84
bolsillo_post,2,P,1,0,1,7,19.18,20.07
bolsillo_post,2,P,1,0,1,8,11.73,20.3
bolsillo_post,2,P,1,0,1,9,0.7,20.3
bolsillo_post,2,P,1,0,1,10,0.0,19.42
bolsillo_post,2,P,1,0,1,11,0.23,17.43
bolsillo_post,2,P,1,0,1,12,3.09,3.0
bolsillo_post,2,P,1,0,1,13,3.32,2.77
bolsillo_post,2,P,1,0,1,14,9.71,0.3
bolsillo_post,2,P,1,0,1,15,11.6,0.0
secretera,1,P,1,0,1,1,0.62,0.19
secretera,1,P,1,0,1,2,10.55,0.0
secretera,1,P,1,0,1,3,10.9,0.41
secretera,1,P,1,0,1,4,9.98,10.51
secretera,1,P,1,0,1,5,9.76,10.74
secretera,1,P,1,0,1,6,5.6,11.05
secretera,1,P,1,0,1,7,0.94,10.97
secretera,1,P,1,0,1,8,0.26,8.46
secretera,1,P,1,0,1,9,0.02,5.47
secretera,1,P,1,0,1,10,0.4,0.43
presilla,5,P,1,0,0,1,0.0,0.0
presilla,5,P,1,0,0,2,10.0,0.0
presilla,5,P,1,0,0,3,10.0,3.0
presilla,5,P,1,0,0,4,0.0,3.0
vista,2,P,1,1,0,1,17.8,13.69
vista,2,P,1,1,0,2,17.62,13.9
vista,2,P,1,1,0,3,1.57,13.79
vista,2,P,1,1,0,4,0.48,7.26
vista,2,P,1,1,0,5,0.0,0.19
vista,2,P,1,1,0,6,0.19,0.0
vista,2,P,1,1,0,7,1.97,0.0
vista,2,P,1,1,0,8,8.57,0.54
vista,2,P,1,1,0,9,12.74,1.84
vista,2,P,1,1,0,10,15.27,4.02
vista,2,P,1,1,0,11,16.41,6.08
vista,2,P,1,1,0,12,17.21,8.59
pretina,1,P,1,0,1,1,0.0,0.0
pretina,1,P,1,0,1,2,102.0,0.0
pretina,1,P,1,0,1,3,102.0,10.0
pretina,1,P,1,0,1,4,0.0,10.0
gareta,1,P,1,0,0,1,0.0,0.0
gareta,1,P,1,0,0,2,19.7,0.0
gareta,1,P,1,0,0,3,19.7,5.1
gareta,1,P,1,0,0,4,0.0,5.1
gareton,1,P,1,0,1,1,0.0,0.0
gareton,1,P,1,0,1,2,21.1,0.0
gareton,1,P,1,0,1,3,21.1,9.7
gareton,1,P,1,0,1,4,0.0,9.7
